run_accession	sample_accession	experiment_accession	fastq_ftp	fastq_md5
SRR28780441	SAMN41059532	SRX24345090	ftp.sra.ebi.ac.uk/vol1/fastq/SRR287/041/SRR28780441/SRR28780441_1.fastq.gz;ftp.sra.ebi.ac.uk/vol1/fastq/SRR287/041/SRR28780441/SRR28780441_2.fastq.gz	75904b2f9154377dfa16fccbbd2272e5;2130e7c257e9e3d0ffba728a0a3acb04
SRR28780445	SAMN41059536	SRX24345086	ftp.sra.ebi.ac.uk/vol1/fastq/SRR287/045/SRR28780445/SRR28780445_1.fastq.gz;ftp.sra.ebi.ac.uk/vol1/fastq/SRR287/045/SRR28780445/SRR28780445_2.fastq.gz	6fa60d11c38ee800922ba7271950094d;614c3dfaae988e4ad158b203243cd19b
SRR28780433	SAMN41059524	SRX24345098	ftp.sra.ebi.ac.uk/vol1/fastq/SRR287/033/SRR28780433/SRR28780433_1.fastq.gz;ftp.sra.ebi.ac.uk/vol1/fastq/SRR287/033/SRR28780433/SRR28780433_2.fastq.gz	45a5fc12a61d93be02e788ea6a7e235e;52ad2826b7c643ed7ca89f8109552c5b
SRR28780435	SAMN41059526	SRX24345096	ftp.sra.ebi.ac.uk/vol1/fastq/SRR287/035/SRR28780435/SRR28780435_1.fastq.gz;ftp.sra.ebi.ac.uk/vol1/fastq/SRR287/035/SRR28780435/SRR28780435_2.fastq.gz	1550c86b9f8588166465e1d67107afb9;b6018efd4cf8382e52de89d8da11a974
SRR28780437	SAMN41059528	SRX24345094	ftp.sra.ebi.ac.uk/vol1/fastq/SRR287/037/SRR28780437/SRR28780437_1.fastq.gz;ftp.sra.ebi.ac.uk/vol1/fastq/SRR287/037/SRR28780437/SRR28780437_2.fastq.gz	6f316d4a46e23c36a3c7195ad3b75824;1bb4961009d8b544eba51a37ca916d49
SRR28780439	SAMN41059530	SRX24345092	ftp.sra.ebi.ac.uk/vol1/fastq/SRR287/039/SRR28780439/SRR28780439_1.fastq.gz;ftp.sra.ebi.ac.uk/vol1/fastq/SRR287/039/SRR28780439/SRR28780439_2.fastq.gz	b0afc100dfec4306cb1c3d29e4db57dd;5d5a01b3b7ed5d8ce0c53e4bd1b1a7b9
SRR28780442	SAMN41059533	SRX24345089	ftp.sra.ebi.ac.uk/vol1/fastq/SRR287/042/SRR28780442/SRR28780442_1.fastq.gz;ftp.sra.ebi.ac.uk/vol1/fastq/SRR287/042/SRR28780442/SRR28780442_2.fastq.gz	166ffce61f9e77bd9d9c1580da8f9f6a;0f6785ed94b9566700e1001d9f2161cc
SRR28780448	SAMN41059539	SRX24345083	ftp.sra.ebi.ac.uk/vol1/fastq/SRR287/048/SRR28780448/SRR28780448_1.fastq.gz;ftp.sra.ebi.ac.uk/vol1/fastq/SRR287/048/SRR28780448/SRR28780448_2.fastq.gz	423edcbf6ee4d26a8c1fb23bcaa40bb3;c84dcce6fe0598cc9a540440d03bc213
SRR28780440	SAMN41059531	SRX24345091	ftp.sra.ebi.ac.uk/vol1/fastq/SRR287/040/SRR28780440/SRR28780440_1.fastq.gz;ftp.sra.ebi.ac.uk/vol1/fastq/SRR287/040/SRR28780440/SRR28780440_2.fastq.gz	3148aaba56a8e873e8a66473baae758b;116be9cbdf2e2b7687949f3f482283ab
SRR28780443	SAMN41059534	SRX24345088	ftp.sra.ebi.ac.uk/vol1/fastq/SRR287/043/SRR28780443/SRR28780443_1.fastq.gz;ftp.sra.ebi.ac.uk/vol1/fastq/SRR287/043/SRR28780443/SRR28780443_2.fastq.gz	defd77ca1c4da0dd1d59f1589c346993;72dee3e63f9930cc53baccf085e338a6
SRR28780434	SAMN41059525	SRX24345097	ftp.sra.ebi.ac.uk/vol1/fastq/SRR287/034/SRR28780434/SRR28780434_1.fastq.gz;ftp.sra.ebi.ac.uk/vol1/fastq/SRR287/034/SRR28780434/SRR28780434_2.fastq.gz	63d81239b296cd7a58f540e51578213f;38227069192d653e3b9721ac04141d3f
SRR28780436	SAMN41059527	SRX24345095	ftp.sra.ebi.ac.uk/vol1/fastq/SRR287/036/SRR28780436/SRR28780436_1.fastq.gz;ftp.sra.ebi.ac.uk/vol1/fastq/SRR287/036/SRR28780436/SRR28780436_2.fastq.gz	0d587e8237d8841649867a3b9c6581d2;1e156c021ae776ffe60d04cdad2e49ca
SRR28780444	SAMN41059535	SRX24345087	ftp.sra.ebi.ac.uk/vol1/fastq/SRR287/044/SRR28780444/SRR28780444_1.fastq.gz;ftp.sra.ebi.ac.uk/vol1/fastq/SRR287/044/SRR28780444/SRR28780444_2.fastq.gz	e30338962a7ff6eea510dbef85b27570;4fe5dd36802110891306da7991a46742
SRR28780446	SAMN41059537	SRX24345085	ftp.sra.ebi.ac.uk/vol1/fastq/SRR287/046/SRR28780446/SRR28780446_1.fastq.gz;ftp.sra.ebi.ac.uk/vol1/fastq/SRR287/046/SRR28780446/SRR28780446_2.fastq.gz	7658fe80120abbc50c6ce1ee51ca39d6;c475f8029f6f1a7e6c6667561ca25af7
SRR28780449	SAMN41059540	SRX24345082	ftp.sra.ebi.ac.uk/vol1/fastq/SRR287/049/SRR28780449/SRR28780449_1.fastq.gz;ftp.sra.ebi.ac.uk/vol1/fastq/SRR287/049/SRR28780449/SRR28780449_2.fastq.gz	a796bec06341d3c44c7bf00748dd716e;07f40983a6489af4c4d22c01965932fa
SRR28780438	SAMN41059529	SRX24345093	ftp.sra.ebi.ac.uk/vol1/fastq/SRR287/038/SRR28780438/SRR28780438_1.fastq.gz;ftp.sra.ebi.ac.uk/vol1/fastq/SRR287/038/SRR28780438/SRR28780438_2.fastq.gz	666bff67c26abc4652de789147b1359f;538e4b7aa15f983951ea2c6ec8b3b5c8
SRR28780447	SAMN41059538	SRX24345084	ftp.sra.ebi.ac.uk/vol1/fastq/SRR287/047/SRR28780447/SRR28780447_1.fastq.gz;ftp.sra.ebi.ac.uk/vol1/fastq/SRR287/047/SRR28780447/SRR28780447_2.fastq.gz	07643d76ea63a210b44c6c4648a74038;49d27bb6abda63621d897e8e8344593f
SRR28780450	SAMN41059541	SRX24345081	ftp.sra.ebi.ac.uk/vol1/fastq/SRR287/050/SRR28780450/SRR28780450_1.fastq.gz;ftp.sra.ebi.ac.uk/vol1/fastq/SRR287/050/SRR28780450/SRR28780450_2.fastq.gz	40be300b8f4d3ee5bc277f44ce60c99c;392a0b6a462ab866ff44b395f333a88f
